id,name,url,slug,type,country,continent,description,video,heroimage,trip advisor URL,trip advisor rating,trip advisor review total,trip advisor review URL,trip advisor description
A9CEEB47-41AD-4CBA-93FC-E4EE0E7EA63E,Kangaroo Island,https://www.urbanadventures.com/en/kangarooisland,/kangarooisland,City,Australia,Oceania ,"Take a scenic daytrip from Adelaide to the natural habitats of Kangaroo Island with Urban Adventures to discover why the Island is one of Australiaís iconic nature-based destinations. Just perfect introduction to unspoilt and natural wildlife haven as well as its untamed landscapes, white sandy beaches, and friendly locals.",,https://cdn.ventrata.com/image/upload/s--ZwgR6LxW--/v1744822018/p8q21ydqvmur7ifj6p2p.jpg,,,,,
12C8310D-7F94-488C-9514-468F5CCA6E9C,Melbourne,https://www.urbanadventures.com/en/melbourne,/melbourne,City,Australia,Oceania ,"Melbourne is home to more than 140 different cultures and filled with stunning Victorian arcades, theatres, and government buildings which line the cityís historic boulevards. These streets are filled with the 4 million or so residents who love watching just about any sport (particularly Aussie Rules Football), discovering hidden laneway bars and restaurants, and dining on some of the countryís best eats thanks to the culturally diverse population.",,https://cdn.ventrata.com/image/upload/s--woDHWy7P--/v1744819308/efjp5278waux31r7nwke.jpg,https://www.tripadvisor.com.au/Attraction_Review-g255100-d1856798-Reviews-Melbourne_Urban_Adventures-Melbourne_Victoria.html,,,,
2E405C19-C8AF-4914-A212-6801A69F9D71,Athens,https://www.urbanadventures.com/en/athens,/athens,City,Greece,Europe,"There are plenty of things to do in Athens, we all know that. But do you know what the locals do? Discover the Greek city of wonders with a local guide to gain some fresh perspective on an otherwise well-beaten path. Not merely catered for history buffs, these Athens tours also discover the very best in food and culture in this, one of the most ancient cities on Earth.",,https://cdn.ventrata.com/image/upload/s--VcpvKw5r--/v1744790324/vl8szchqcmktrwucnjo6.jpg,https://www.tripadvisor.com.au/Attraction_Review-g189400-d23381439-Reviews-Intrepid_Urban_Adventures_Athens-Athens_Attica.html,,,,
595AAABB-EAA1-44F9-A707-AEDEFD288020,Barcelona,https://www.urbanadventures.com/en/barcelona,/barcelona,City,Spain,Europe,"A melting pot of traditional Catalan culture and international trends, city life and beach bum bliss, Gaudi gothic architecture and modern buildings with a twist, Barcelona is nothing if not one of the most dynamic, varied, and vibrant cities in Europe. Join an Urban Adventures Barcelona tour to connect with the people who truly know where Barcelonaís heart and soul lies ñ the locals.",,https://cdn.ventrata.com/image/upload/s--urdFbYfh--/v1744800223/hw0fxm42rhhzy1xf8e7j.jpg,https://www.tripadvisor.com.au/Attraction_Review-g187497-d1856792-Reviews-Barcelona_Urban_Adventures-Barcelona_Catalonia.html,4.9,241 reviews,https://www.tripadvisor.com.au/Attraction_Review-g187497-d1856792-Reviews-Barcelona_Urban_Adventures-Barcelona_Catalonia.html#REVIEWS,"Barcelona Urban Adventures offers unique and authentic day tours around Barcelona. They range from 2 hour to 1 day adventures and uncover back streets, hidden gems, and fascinating sights. Step into the lives of locals, find out what makes the city tick, and get acquainted with the local food, culture, and traditions of Barcelona. A local expert guide will provide the knowledge and lead you through a fantastic urban experience."
FB1DF816-F285-43A2-AC75-8A7F1526A3B5,Bucharest,https://www.urbanadventures.com/en/bucharest,/bucharest,City,Romania,Europe,"Bucharest just might be Eastern Europeís best kept secret. ìLittle Paris,î as it was called by the first travellers, combines French sophistication with true Balkan passion for a bit of chaos and a whole lot of culture (and delicious food!). Few other cities better embody the wonderful clash of East and West, with plenty of friendly, loud, and colourful locals ready to welcome you.",,https://cdn.ventrata.com/image/upload/s--w1V17EcI--/v1744800313/cxdmgzl0chwqv9kyjdnx.jpg,https://www.tripadvisor.com.au/Attraction_Review-g294458-d23399337-Reviews-Intrepid_Urban_Adventures_Bucharest-Bucharest.html,4.9,614 reviews,https://www.tripadvisor.com.au/Attraction_Review-g294458-d23399337-Reviews-Intrepid_Urban_Adventures_Bucharest-Bucharest.html#REVIEWS,"Intrepid has been taking travellers around the globe since 1989. With locally based leaders out front of every adventure, they have more than 1000 immersive trips in over 100 countries to choose from. More than just good views and great times, these adventures connect you to the places you go, the people you meet along the way and the communities at the heart of every Intrepid experience."
88EA1C31-62A5-4E2B-936F-B472E8714219,Dubrovnik,https://www.urbanadventures.com/en/dubrovnik,/dubrovnik,City,Croatia,Europe,"Those who seek paradise on Earth must come to Dubrovnik,? so wrote a smitten George Bernard Shaw after a visit to the Dalmatian Coast nearly one hundred years a go. Very little has changed since then (except for the increasing numbers of visitors each year thanks a lot Game of Thrones). Not only does the city boast a dizzying assortment of exquisite palaces, churches and monasteries, as well as spell-bounding views from atop the city walls, it's also the gateway to the stunning Dalmatian Coast with its picture-perfect islets, renaissance parks and sprawling lemon and orange groves, all waiting to be explored. Take a unique tour with Urban Adventures and discover the highlights and hidden gems of Dubrovnik and beyond.",,https://cdn.ventrata.com/image/upload/s--Im7Camsn--/v1746896991/tezpja54hxvn3qfuckhj.jpg,https://www.tripadvisor.com.au/Attraction_Review-g295371-d8539932-Reviews-Dubrovnik_Urban_Adventures-Dubrovnik_Dubrovnik_Neretva_County_Dalmatia.html,5,38 reviews,https://www.tripadvisor.com.au/Attraction_Review-g295371-d8539932-Reviews-Dubrovnik_Urban_Adventures-Dubrovnik_Dubrovnik_Neretva_County_Dalmatia.html#REVIEWS,"Dubrovnik Urban Adventures offers day tours with a local expert guide and biggest Game of Thrones fan in Dubrovnik. In only a few hours, you‚Äôll uncover back streets and hidden gems as you step into the lives of locals, find out what makes the city tick, and get acquainted with local food, culture, and traditions. This fantastic urban experience is sure to be your Best.Day.Ever in Dubrovnik."
ECC7BC45-1301-4045-868B-53DC4D1BC67E,Florence,https://www.urbanadventures.com/en/florence,/florence,City,Italy,Europe,"From tasting the distinctive flavours of Tuscany on a wine adventure, to discovering the local secrets behind the city's cuisine on a Florence food tour, these Florence tours get you in touch with this mesmerising Italian city in the best way possible - with a local. Get ready to loosen those belt loops...",,https://cdn.ventrata.com/image/upload/s--DNV_YVm9--/v1744816320/tbwgzex55cangfitcuoi.jpg,https://www.tripadvisor.com.au/Attraction_Review-g187895-d23471929-Reviews-Intrepid_Urban_Adventures_Florence-Florence_Tuscany.html,4.9,280 reviews,https://www.tripadvisor.com.au/Attraction_Review-g187895-d23471929-Reviews-Intrepid_Urban_Adventures_Florence-Florence_Tuscany.html#REVIEWS,"Intrepid has been taking travellers around the globe since 1989. With locally based leaders out front of every adventure, they have more than 1000 immersive trips in over 100 countries to choose from. More than just good views and great times, these adventures connect you to the places you go, the people you meet along the way and the communities at the heart of every Intrepid experience."
F82BBBA2-23C7-4665-971F-46ABAF3B2AD6,London,https://www.urbanadventures.com/en/london,/london,City,United Kingdom,Europe,"London is a leading global city and the most-visited destination in the world. With its diverse cultures and communities, buzzing nightlife, museums, and tourist attractions itís no wonder that the saying goes, ëIf youíre bored of London, youíre bored with life.í",,https://cdn.ventrata.com/image/upload/s--5luu4EIN--/v1744818712/om6e8f8eb3rwcely2hdc.jpg,,,,,
5982693C-506E-4B0E-AA64-2EAA5EB42B14,Madrid,https://www.urbanadventures.com/en/madrid,/madrid,City,Spain,Europe,"As a city thatís as timeless as it is modern, and as vibrant and energetic as it is quietly charming, Madrid is a city you absolutely must see if youíre travelling to Spain. From food to flamenco, discover all the different sides to the incredible Spanish capital on a unique, local tour with Urban Adventures.",,https://cdn.ventrata.com/image/upload/s--zwZWdmSh--/v1744818768/wa5w1zys7ug30hiptwk0.jpg,https://www.tripadvisor.com.au/Attraction_Review-g187514-d23584542-Reviews-Intrepid_Urban_Adventures_Madrid-Madrid.html,5,264 reviews,https://www.tripadvisor.com.au/Attraction_Review-g187514-d23584542-Reviews-Intrepid_Urban_Adventures_Madrid-Madrid.html#REVIEWS,"Intrepid has been taking travellers around the globe since 1989. With locally based leaders out front of every adventure, they have more than 1000 immersive trips in over 100 countries to choose from. More than just good views and great times, these adventures connect you to the places you go, the people you meet along the way and the communities at the heart of every Intrepid experience."
02A3DAF2-B585-4C55-B7B8-B074BADC6B82,Paris,https://www.urbanadventures.com/en/paris,/paris,City,France,Europe,"From the back streets to the bakeries, there is something to delight the senses around every corner in Paris. Jump on a Paris tour with Urban Adventures to discover the most visited city in the world from a different angle. Once you see the city from a local eye, youíll leave Paris with lifelong memories (and, more importantly, memories that are different from the other 27 million people who visit Paris each year!).",https://www.youtube.com/watch?v=7cjNf_6Tkw8;https://www.youtube.com/watch?v=y2Pwbshj_HU,https://cdn.ventrata.com/image/upload/s--u5QXFX_1--/v1744819895/gba1elwpksxg50xzbovu.jpg,https://www.tripadvisor.com.au/Attraction_Review-g187147-d2163023-Reviews-Paris_Urban_Adventures-Paris_Ile_de_France.html,4.9,"1,108 reviews",https://www.tripadvisor.com.au/Attraction_Review-g187147-d2163023-Reviews-Paris_Urban_Adventures-Paris_Ile_de_France.html#REVIEWS,"Intrepid Urban Adventures offer small group day tours run by passionate locals in over 70 cities around the world. We are passionate about uncovering back streets and hidden gems as you step into the lives of locals, find out what makes the city tick, and get acquainted with local food, culture, and traditions. #localsknow"
8E01D982-B3B2-4286-A894-40442689CC02,Split,https://www.urbanadventures.com/en/split,/split,City,Croatia,Europe,"Known to in-the-know travellers for years as the gateway to some of Croatia's most breath-taking islands (hello Hvar!), Split has enjoyed a deserving renaissance recently as a city break destination in its own right. Offering visitors a fantastically atmospheric old centre to explore that has grown within the walls of an Ancient Roman palace (it's a UNESCO World Heritage site, no less). Other city highlights include the Riva Promenade, where locals and tourists flock for a drink and to engage in a spot of people watching. Plus there's stunning beaches to enjoy and superb parks and Game of Thrones locations to visit! And did we mention the food?! Oh wow, with obvious Italian (mainly Venetian) influences and access to superb seafood straight from the Adriatic Sea, Split's culinary credentials are well worth the plane ticket alone. Book a tour with us today and discover the best of Split, with a local by your side.",,https://cdn.ventrata.com/image/upload/s--XaspDLFR--/v1744821955/p9wuq4rgm6iv5dxbwnfg.jpg,https://www.tripadvisor.com.au/Attraction_Review-g295370-d25179925-Reviews-Intrepid_Urban_Adventures_Split-Split_Split_Dalmatia_County_Dalmatia.html,4.7,16 reviews,https://www.tripadvisor.com.au/Attraction_Review-g295370-d25179925-Reviews-Intrepid_Urban_Adventures_Split-Split_Split_Dalmatia_County_Dalmatia.html#REVIEWS,"Intrepid has been taking travellers around the globe since 1989. With locally based leaders out front of every adventure, they have more than 1000 immersive trips in over 100 countries to choose from. More than just good views and great times, these adventures connect you to the places you go, the people you meet along the way and the communities at the heart of every Intrepid experience."
EEB27A41-503A-49C1-953A-C9BA5BB3B4AA,Venice,https://www.urbanadventures.com/en/venice,/venice,City,Italy,Europe,"As one of the world's most famous destinations, Venice is just made to be explored. Consisting of 118 islands and 150 canals, there's certainly plenty of ground (and water!) to cover. Our Venice tours are designed to show you the very best things to do in Venice, from tapas and wine, to the beautiful landmarks in all their glory. Venture through Venice with a local to discover this unique Italian gem.",,https://cdn.ventrata.com/image/upload/s--FQDmkeGw--/v1744820362/db7e7x4nprdzom8v7sot.jpg,https://www.tripadvisor.com.au/Attraction_Review-g187870-d23475599-Reviews-Intrepid_Urban_Adventures_Venice-Venice_Veneto.html,4.9,"2,206 reviews",https://www.tripadvisor.com.au/Attraction_Review-g187870-d23475599-Reviews-Intrepid_Urban_Adventures_Venice-Venice_Veneto.html#REVIEWS,"Intrepid has been taking travellers around the globe since 1989. With locally based leaders out front of every adventure, they have more than 1000 immersive trips in over 100 countries to choose from. More than just good views and great times, these adventures connect you to the places you go, the people you meet along the way and the communities at the heart of every Intrepid experience."
17A6168E-57B3-48D8-991D-B4883963B7FA,Vienna,https://www.urbanadventures.com/en/vienna,/vienna,City,Austria,Europe,"Karl Kraus once said, ìThe streets of Vienna are paved with culture. Streets of other cities with asphalt.î This imperial gem represents an extraordinarily romantic marriage of architectural grandeur and cutting-edge style on the banks of the blue Danube. From world-class opera and classical music to an opulent coffeehouse culture, glorious parks, and a food scene that is positively buzzing, Vienna is a city to be celebrated and savoured. After a day of taking in all the incredible sights and tastes, you will be singing ëOh Vienna!í before you know it.",,https://cdn.ventrata.com/image/upload/s--thY4N_Uz--/v1744820744/keofhot9fidpwv0k1sia.jpg,https://www.tripadvisor.com.au/Attraction_Review-g190454-d23398898-Reviews-Intrepid_Urban_Adventures_Vienna-Vienna.html,4.9,700 reviews,https://www.tripadvisor.com.au/Attraction_Review-g190454-d23398898-Reviews-Intrepid_Urban_Adventures_Vienna-Vienna.html#REVIEWS,"Intrepid has been taking travellers around the globe since 1989. With locally based leaders out front of every adventure, they have more than 1000 immersive trips in over 100 countries to choose from. More than just good views and great times, these adventures connect you to the places you go, the people you meet along the way and the communities at the heart of every Intrepid experience."
29C8F502-B4E7-4295-B9E1-1F0F052434AD,Bali,https://www.urbanadventures.com/en/bali,/bali,City,Indonesia,Asia,"Oh, beautiful Bali. With your cliffside temples, colourful festivals, gorgeous beaches, and kind, caring culture, is there any place on Earth more romantic? Surf fanatics, adventure hunters, honeymooning couples, culture junkies, spiritual seekers, and party-loving backpackers all adore this Indonesian island that defines paradise. Hit the wild waves of Kuta or explore the rich arts scene of Ubud, head north to hike the volcanic trails of Batur or Agung or visit the Balinese Hindu temples that celebrate a religion found nowhere else in the world.",,https://cdn.ventrata.com/image/upload/s--jCPFAhX7--/v1744800382/siwep5laxouhkxgyiyuj.jpg,https://www.tripadvisor.com.au/Attraction_Review-g469404-d23378701-Reviews-Intrepid_Urban_Adventures_Bali-Seminyak_Kuta_District_Bali.html,4.6,19 reviews,https://www.tripadvisor.com.au/Attraction_Review-g469404-d23378701-Reviews-Intrepid_Urban_Adventures_Bali-Seminyak_Kuta_District_Bali.html#REVIEWS,"Intrepid has been taking travellers around the globe since 1989. With locally based leaders out front of every adventure, they have more than 1000 immersive trips in over 100 countries to choose from. More than just good views and great times, these adventures connect you to the places you go, the people you meet along the way and the communities at the heart of every Intrepid experience."
81BFA1B3-38ED-4715-A8DD-9B77198B59C3,Bangkok,https://www.urbanadventures.com/en/bangkok,/bangkok,City,Thailand,Asia,"Dodge the typical tourist traps and adventure Bangkok with our local guides as they show you the unique sights, hidden gems, and busy back streets of the ëVenice of the Eastí. Our tours in Bangkok explore the back streets by bike, the markets of Chinatown by foot, and canals by longtail boat. Youíll leave the city filled with local Bangkok knowledge, and know more about this dynamic metropolis than any other tourist in town.",,https://cdn.ventrata.com/image/upload/s--ediGv50z--/v1744802194/mpvzaaws1lyjbgpeg4vd.jpg,https://www.tripadvisor.com.au/Attraction_Review-g293916-d1829574-Reviews-Bangkok_Urban_Adventures-Bangkok.html,4.8,383 reviews,https://www.tripadvisor.com.au/Attraction_Review-g293916-d1829574-Reviews-Bangkok_Urban_Adventures-Bangkok.html#REVIEWS,"The Bangkok Urban Adventures team are passionate about their home town - the City of Angels, and as part of the Urban Adventures network we cannot wait to bring this passion and local knowledge to you. Step into the lives of locals, find out what makes the city tick, and get acquainted with the food, culture, and traditions of Bangkok. Our local expert guides are looking forward to sharing your Best. Day. Ever."
7DD2094C-CED5-487F-B6D6-3285A4102633,Delhi,https://www.urbanadventures.com/en/delhi,/delhi,City,India,Asia,"To visit Delhi is to treat and torture your senses both at the same time. With so much going on in this chaotic, explosive city, a local guide should almost be a requirement. Join a local on one of our tours in Delhi to see the sights, taste the bites, and discover just what it is that makes the incredible city of New Delhi tick.",,https://cdn.ventrata.com/image/upload/s--7OFmFhiM--/v1744814873/sdudccjhbiyupzv82zzj.jpg,https://www.tripadvisor.com.au/Attraction_Review-g304551-d1849117-Reviews-Delhi_Urban_Adventures-New_Delhi_National_Capital_Territory_of_Delhi.html,,,,
098B94FC-B908-4487-9997-1BFB7DA6ACF9,Hanoi,https://www.urbanadventures.com/en/hanoi,/hanoi,City,Vietnam,Asia,"Love it or loathe it, thereís no denying it ó Hanoi is intense. Think street vendors calling, horns honking, and webs of traffic like youíve never experienced. But dig beneath the crowds and chaos and youíll find an enchanting city where a rich history melds with a complicated modernity. From Parisian architecture to busy markets to ancient temples to Communist landmarks, Hanoi has it all wrapped up in a package of sensory overload. Explore the city on a Hanoi tour and get the local scoop on this much-loved destination.",,https://cdn.ventrata.com/image/upload/s--Y9gUYzVF--/v1744816075/podze66kgx2jqxvsy2s6.jpg,https://www.tripadvisor.com.au/Attraction_Review-g293924-d1837683-Reviews-Hanoi_Urban_Adventures-Hanoi.html,4.8,"1,829 reviews",https://www.tripadvisor.com.au/Attraction_Review-g293924-d1837683-Reviews-Hanoi_Urban_Adventures-Hanoi.html#REVIEWS,"Hanoi Urban Adventures offers unique and authentic day tours around Hanoi. They range from 2 hour to 1 day adventures and uncover back streets, hidden gems, and fascinating sights. Step into the lives of locals, find out what makes the city tick, and get acquainted with the local food, culture, and traditions of Hanoi. Our local expert guides will provide the knowledge and lead you through a fantastic urban experience."
743F678B-67A5-4AAC-90F8-F229E40B7C88,Ho Chi Minh City,https://www.urbanadventures.com/en/ho-chi-minh-city,/ho-chi-minh-city,City,Vietnam,Asia,"For most travellers, Ho Chi Minh City (affectionately still called Saigon by locals) is primarily the gateway to the Mekong Delta and nearby Cu Chi Tunnels ó both of which we highly recommend ó but there are also lots of fantastic things to explore within the city limits. From the heartbreaking War Remnants Museum to luxe shopping strips, gourmet restaurants to delectable street stalls, HCMC is a taste of all Vietnam has to offer. Get the local experience downtown or in the countryside on a Ho Chi Minh tour.",,https://cdn.ventrata.com/image/upload/s--Wcsbjhzl--/v1744816984/jztpqkdbesglosfzaicf.jpg,https://www.tripadvisor.com.au/Attraction_Review-g293925-d1837685-Reviews-Ho_Chi_Minh_City_Urban_Adventures-Ho_Chi_Minh_City.html,4.8,"4,277 reviews",https://www.tripadvisor.com.au/Attraction_Review-g293925-d1837685-Reviews-Ho_Chi_Minh_City_Urban_Adventures-Ho_Chi_Minh_City.html#REVIEWS,"Ho Chi Minh City Urban Adventures offers unique and authentic day tours around Ho Chi Minh City. They range from 2 hour to 1 day adventures and uncover back streets, hidden gems, and fascinating sights. Step into the lives of locals, find out what makes the city tick, and get acquainted with the local food, culture, and traditions of Ho Chi Minh City. A local expert guide will provide the knowledge and lead you through a fantastic urban experience."
6715CE23-21AD-4633-A964-5F69EEBCAA84,Hoi An,https://www.urbanadventures.com/en/hoi-an,/hoi-an,City,Vietnam,Asia,"Oh Hoi An, how we love thee. This pretty city ó seemingly too charming to be real ó is the place you see in your daydreams when you think of Vietnam. From wandering the narrow streets of the ancient town (a UNESCO Heritage site), to biking past rice paddies in the countryside, to taking one of the regionís delectable cooking classes, thereís no shortage of things to see and do in Hoi An. But if you need some help narrowing it down, we can guide you on one of our Hoi An city tours.",,https://cdn.ventrata.com/image/upload/s--Wyd6rdiR--/v1744817660/t3w0idsbcimjlc34lr7f.jpg,https://www.tripadvisor.com.au/Attraction_Review-g298082-d1950107-Reviews-Hoian_Urban_Adventures-Hoi_An_Quang_Nam_Province.html,,,,
14E24DE5-EEE4-4E28-89AF-EE6993477CBD,Istanbul,https://www.urbanadventures.com/en/istanbul,/istanbul,City,Turkey,Asia,"Byzantium, Constantinople, Stamboul, IstanbulÖ It may seem like this city has had a bit of an identity crisis, but when youíve lived for 2,500 years, youíre bound to go through a few reincarnations. Yet, no matter what name this bi-continental city has taken, its ability to dazzle has remained the same. From the exotic Spice Bazaar to incredible skylines dotted with minarets to the breathtaking Bosphorus, itís no wonder Istanbul enchants all who visit. And while youíll have no trouble finding plenty of nooks and crannies to explore, we recommend checking out the local scene with an Istanbul city tour.",,https://cdn.ventrata.com/image/upload/s--6Q9wN0LS--/v1744817546/p3tzl9idrfka5itqwjsm.jpg,https://www.tripadvisor.com.au/Attraction_Review-g293974-d1849996-Reviews-Intrepid_Urban_Adventures-Istanbul.html,4.7,501 reviews,https://www.tripadvisor.com.au/Attraction_Review-g293974-d1849996-Reviews-Intrepid_Urban_Adventures-Istanbul.html#REVIEWS,
FD2875FE-3D87-4DE7-9046-F3A9FB2FF51F,Kathmandu,https://www.urbanadventures.com/en/kathmandu,/kathmandu,City,Nepal,Asia,"Prepare yourself for a sensory overload, because Kathmandu is the very definition. At every turn you encounter rich culture, hidden temples, colourful bazaars, and the friendliest, warmest of welcomes. Travel to Kathmandu with Urban Adventures to see the incredible Kathmandu with a local. Whether youíre an urban explorer or intrepid adrenaline junkie, weíve got just the Kathmandu tour for you.",,https://cdn.ventrata.com/image/upload/s--O9uKnTLX--/v1744817761/jzmi2l8f846kyolttcl4.jpg,https://www.tripadvisor.com.au/Attraction_Review-g293890-d1850066-Reviews-Kathmandu_Urban_Adventures-Kathmandu_Kathmandu_Valley_Bagmati_Zone_Central_Region.html,4.9,479 reviews,https://www.tripadvisor.com.au/Attraction_Review-g293890-d1850066-Reviews-Kathmandu_Urban_Adventures-Kathmandu_Kathmandu_Valley_Bagmati_Zone_Central_Region.html#REVIEWS,"Kathmandu Urban Adventures offers unique and authentic day tours around Kathmandu. They range from 2 hour to 1 day adventures and uncover back streets, hidden gems, and fascinating sights. Step into the lives of locals, find out what makes the city tick, and get acquainted with the local food, culture, and traditions of Kathmandu. A local expert guide will provide the knowledge and lead you through a fantastic urban experience."
981538DE-9942-4565-81CA-71BED6F5A7FA,Tokyo,https://www.urbanadventures.com/en/tokyo,/tokyo,City,Japan,Asia,"Tokyo may as well be the definition of the word ëcityí. The monumental capital of Japan is teeming with life, and if you donít have a local to show you round youíll probably miss most of it. Visit Tokyo with Urban Adventures to discover a slice of live in this mega-metropolis, and discover what itís like to live in Tokyo. Weíre especially infatuated with the cuisine, so if youíre foodie, pay attention!",,https://cdn.ventrata.com/image/upload/s--VOJZKmgi--/v1744821630/ulfz3wg3ebpjidgdbvfc.jpg,https://www.tripadvisor.com.au/Attraction_Review-g1066854-d23892321-Reviews-Intrepid_Urban_Adventures_Tokyo-Shinagawa_Tokyo_Tokyo_Prefecture_Kanto.html,,,,
589742AD-FED0-435B-9F2C-EBAA4D93ACC4,Boston,https://www.urbanadventures.com/en/boston,/boston,City,United States,North America,"Bostonians consider their city to be the best in the world, enjoying a mix of life in a modern metropolis with a rich history going back 400 years and a strong passion for tradition. Boston is the birthplace of the American Revolution, and it shows, boasting an incredibly diverse assortment of people living in 23 neighborhoods that have successfully carved out their own unique identity.† Travelers here are sure to get a better understanding of the city through its people, its sights, and its history.",,https://cdn.ventrata.com/image/upload/s--v2UghDNI--/v1744705476/lbzet1biazjkdmbrt5zs.jpg,https://www.tripadvisor.com.au/Attraction_Review-g60745-d23471903-Reviews-Intrepid_Urban_Adventures_Boston-Boston_Massachusetts.html,4.9,"2,423 reviews",https://www.tripadvisor.com.au/Attraction_Review-g60745-d23471903-Reviews-Intrepid_Urban_Adventures_Boston-Boston_Massachusetts.html#REVIEWS,"Intrepid has been taking travellers around the globe since 1989. With locally based leaders out front of every adventure, they have more than 1000 immersive trips in over 100 countries to choose from. More than just good views and great times, these adventures connect you to the places you go, the people you meet along the way and the communities at the heart of every Intrepid experience."
C129084E-E25C-4CA3-BD86-2A78DA320783,Chicago,https://www.urbanadventures.com/en/chicago,/chicago,City,United States,North America,"Chicago is a lively city bursting with distinguished architecture, diverse neighborhoods, and a rich culture of food, history, and music throughout. Filled with friendly folks from all walks of life, Chicago is a welcoming place to explore and youíll see why millions of people happily call this Midwest metropolis home.",,https://cdn.ventrata.com/image/upload/s--ZHEjO50o--/v1746796504/jgfntlowcjy9mkhzvk66.jpg,https://www.tripadvisor.com.au/Attraction_Review-g35805-d23471901-Reviews-Intrepid_Urban_Adventures_Chicago-Chicago_Illinois.html,4.9,602 reviews,https://www.tripadvisor.com.au/Attraction_Review-g35805-d23471901-Reviews-Intrepid_Urban_Adventures_Chicago-Chicago_Illinois.html#REVIEWS,"Intrepid has been taking travellers around the globe since 1989. With locally based leaders out front of every adventure, they have more than 1000 immersive trips in over 100 countries to choose from. More than just good views and great times, these adventures connect you to the places you go, the people you meet along the way and the communities at the heart of every Intrepid experience."
93B2334E-83AA-474D-95F9-BF875BBCEACE,Denver,https://www.urbanadventures.com/en/denver,/denver,City,United States,North America,"Denver is a magnet for outdoorsy people, with a local community filled with great people who really enjoy where they live, and for good reason. That's because Denver has a booming craft beer scene and food scene and art scene and coffee scene and of course, an outdoors scene!",,https://cdn.ventrata.com/image/upload/s--Uo6OsCba--/v1744706070/ftohepblzq62w8jaekhp.jpg,https://www.tripadvisor.com.au/Attraction_Review-g33388-d23471975-Reviews-Intrepid_Urban_Adventures_Denver-Denver_Colorado.html,4.9,403 reviews,https://www.tripadvisor.com.au/Attraction_Review-g33388-d23471975-Reviews-Intrepid_Urban_Adventures_Denver-Denver_Colorado.html#REVIEWS,"Intrepid has been taking travellers around the globe since 1989. With locally based leaders out front of every adventure, they have more than 1000 immersive trips in over 100 countries to choose from. More than just good views and great times, these adventures connect you to the places you go, the people you meet along the way and the communities at the heart of every Intrepid experience."
77C15FC5-30E0-4A96-A218-D88D1C36606B,Havana,https://www.urbanadventures.com/en/havana,/havana,City,Cuba,North America,"Havanaís often described as being trapped in a time warp, thanks to the cool retro cars prowling the streets and the crumbling mix of colonial and art deco design. But while we love the vintage vibe of Havana, the city also has so much more to explore in the here and now. Take a Havana city tour that will expose you to Afro-Cuban religion, show you the broken beauty that defines the cityís spectacular, UNESCO-designated architecture, and teach you about what remains today of la RevoluciÛn. Then finish it all off, of course, with a mojito in la Habana Vieja.",,https://cdn.ventrata.com/image/upload/s--xnfRLs_l--/v1744716741/chnqc0afl8sr2dbogywx.jpg,https://www.tripadvisor.com.au/Attraction_Review-g147271-d4681838-Reviews-Urban_Adventures-Havana_Ciudad_de_la_Habana_Province_Cuba.html,4.9,366 reviews,https://www.tripadvisor.com.au/Attraction_Review-g147271-d4681838-Reviews-Urban_Adventures-Havana_Ciudad_de_la_Habana_Province_Cuba.html#REVIEWS,"Havana Adventures offers day tours with a local expert guide in Havana. In only a few hours, you‚Äôll uncover back streets and hidden gems as you step into the lives of locals, find out what makes the city tick, and get acquainted with local food, culture, and traditions. This fantastic urban experience is sure to be your best. day. ever. in Havana. Tours of Havana with local expert guides. General and specialist tours including Walking tours of Old Havana, Classic Car Tours, Art Deco in Havana, Cuban Food Tour, Afro-Cuban religion, Baseball, Havana by Night, Hemingway's Havana, and more, as well as custom tours & private tours. A product of Big Planet Adventures Pty Ltd."
1EB36D3B-D2C7-4266-987B-991304C9D434,Mexico City,https://www.urbanadventures.com/en/mexico-city,/mexico-city,City,Mexico,North America,"Explore ancient ruins, local markets, delicious cuisine, traditional mariachi, and even Lucha Libre Mexican wrestling! Many visit Mexico to do a number of these things, but with an Urban Adventures Mexico City tour, you'll discover all of this in the best way possible - with a local. Whether youíre into venturing through Mexicoís history, just kicking back in a cantina with new friends, or screaming at grown men in wrestling masks, weíll surely not disappoint.",,https://cdn.ventrata.com/image/upload/s--Ia6Tg4Iy--/v1744716816/lkj4ug4ympkj53n2l3cz.jpg,https://www.tripadvisor.com.au/Attraction_Review-g150800-d23358033-Reviews-Intrepid_Urban_Adventures_Mexico_City-Mexico_City_Central_Mexico_and_Gulf_Coast.html,4.8,468 reviews,https://www.tripadvisor.com.au/Attraction_Review-g150800-d23358033-Reviews-Intrepid_Urban_Adventures_Mexico_City-Mexico_City_Central_Mexico_and_Gulf_Coast.html#REVIEWS,"Intrepid has been taking travellers around the globe since 1989. With locally based leaders out front of every adventure, they have more than 1000 immersive trips in over 100 countries to choose from. More than just good views and great times, these adventures connect you to the places you go, the people you meet along the way and the communities at the heart of every Intrepid experience."
6BE291CD-E12B-4E98-9384-2C5A2ACBCD74,New Orleans,https://www.urbanadventures.com/en/new-orleans,/new-orleans,City,United States,North America,"Built barely above sea level, some say New Orleans should have never been settled in the first place. Still, thereís a reason why its residents would never dream of living anywhere else! Three hundred years after French colonization, this multicultural melting pot is still going strong and is more flavorful than ever. From colorful cottages, impromptu parades and mouth-watering meals, every street corner in ìThe Big Easyî is guaranteed to offer a unique surprise.",https://www.youtube.com/watch?v=Mr7O8J9e2Ao,https://cdn.ventrata.com/image/upload/s--ODCnHFtf--/v1744716932/xu8bhd15j4tbj9nnwxez.jpg,https://www.tripadvisor.com.au/Attraction_Review-g60864-d23471927-Reviews-Intrepid_Urban_Adventures_New_Orleans-New_Orleans_Louisiana.html,4.9,"1,235 reviews",https://www.tripadvisor.com.au/Attraction_Review-g60864-d23471927-Reviews-Intrepid_Urban_Adventures_New_Orleans-New_Orleans_Louisiana.html#REVIEWS,"Intrepid has been taking travellers around the globe since 1989. With locally based leaders out front of every adventure, they have more than 1000 immersive trips in over 100 countries to choose from. More than just good views and great times, these adventures connect you to the places you go, the people you meet along the way and the communities at the heart of every Intrepid experience."
A192FDD7-754C-4EC5-ACD6-2B81421A369D,New York,https://www.urbanadventures.com/en/new-york,/new-york,City,United States,North America,"With nearly 8.5 million residents, NYC is anything but personal. Find the local connection on an Urban Adventures NYC tour, to eat, drink, and be merry around the city that never sleeps. So many people travel to New York and whizz round the city catching the big sights ñ with our tours you get to see life as it is for the true locals of this incredible metropolis.",https://www.youtube.com/watch?v=XvsjT35Ie8M,https://cdn.ventrata.com/image/upload/s--QOJClmQd--/v1744717794/w95g0jeovsd2uk442dsc.jpg,https://www.tripadvisor.com.au/Attraction_Review-g60763-d23471923-Reviews-Intrepid_Urban_Adventures_New_York_City-New_York_City_New_York.html,4.9,"1,424 reviews",https://www.tripadvisor.com.au/Attraction_Review-g60763-d23471923-Reviews-Intrepid_Urban_Adventures_New_York_City-New_York_City_New_York.html#REVIEWS,"Intrepid has been taking travellers around the globe since 1989. With locally based leaders out front of every adventure, they have more than 1000 immersive trips in over 100 countries to choose from. More than just good views and great times, these adventures connect you to the places you go, the people you meet along the way and the communities at the heart of every Intrepid experience."
C7CD5E5F-B78C-464E-A147-E3ECA5F25D7B,San JosÈ,https://www.urbanadventures.com/en/san-jose,/san-jose,City,Costa Rica,North America,"With a tagline like ëPura Vidaí, you canít really go wrong with Costa Rica. Get into the swing of pure life on a San Jose tour with Urban Adventures to discover life as the locals know it in the Costa Rican capital. Journey through rainforests, cycle through suburbs, and sample some of Costa Ricaís finest exports ñ coffee and chocolate.",,https://cdn.ventrata.com/image/upload/s--CXZ33crf--/v1744724990/azluncjpgfqx9hon7g8s.jpg,https://www.tripadvisor.com.au/Attraction_Review-g309293-d23277987-Reviews-Intrepid_Urban_Adventures_San_Jose-San_Jose_San_Jose_Metro_Province_of_San_Jose.html,4.7,295 reviews,https://www.tripadvisor.com.au/Attraction_Review-g309293-d23277987-Reviews-Intrepid_Urban_Adventures_San_Jose-San_Jose_San_Jose_Metro_Province_of_San_Jose.html#REVIEWS,"Intrepid has been taking travellers around the globe since 1989. With locally based leaders out front of every adventure, they have more than 1000 immersive trips in over 100 countries to choose from. More than just good views and great times, these adventures connect you to the places you go, the people you meet along the way and the communities at the heart of every Intrepid experience."
81F1E89F-1DF5-4C16-9F2B-54E19C45D2EE,Seattle,https://www.urbanadventures.com/en/seattle,/seattle,City,United States,North America,"Seattle is known for its coffee, music, and amazing views! Join our local guide and uncover Seattleís back streets and hidden gems; take in the fascinating sights from the bustling Pike Place Market to the iconic Space Needle and learn the city like never before by getting acquainted with the local food, culture, and traditions!",,https://cdn.ventrata.com/image/upload/s--3LsEHjg1--/v1744725100/wq4veqci1z8m1cghnvaj.jpg,https://www.tripadvisor.com.au/Attraction_Review-g60878-d25294001-Reviews-Intrepid_Urban_Adventures_Seattle-Seattle_Washington.html,5,344 reviews,https://www.tripadvisor.com.au/Attraction_Review-g60878-d25294001-Reviews-Intrepid_Urban_Adventures_Seattle-Seattle_Washington.html#REVIEWS,"Intrepid has been taking travellers around the globe since 1989. With locally based leaders out front of every adventure, they have more than 1000 immersive trips in over 100 countries to choose from. More than just good views and great times, these adventures connect you to the places you go, the people you meet along the way and the communities at the heart of every Intrepid experience."
9220DAA9-ED8D-4AFA-B19D-07DE8FC8BC7A,Toronto,https://www.urbanadventures.com/en/toronto,/toronto,City,Canada,North America,"You know a cityís cool when Vogue says it is. The city got a major boost when the fashion mag declared Torontoís Queen West ëhood to be one of the coolest neighbourhoods in the world. Ranked as one of the globeís most multicultural communities, this ìcity of neighbourhoodsî offers up every flavour of international flare you can think of. Explore this cultural diversity and a few of the local hot spots (as well as beer and bacon!) with a Toronto city tour.",,https://cdn.ventrata.com/image/upload/s--BOkXnvzN--/v1744730767/hqcpqwmvpiwfhrkxthdq.jpg,https://www.tripadvisor.com.au/Attraction_Review-g155019-d23587913-Reviews-Intrepid_Urban_Adventures_Toronto-Toronto_Ontario.html,4.9,171 reviews,https://www.tripadvisor.com.au/Attraction_Review-g155019-d23587913-Reviews-Intrepid_Urban_Adventures_Toronto-Toronto_Ontario.html#REVIEWS,"Intrepid has been taking travellers around the globe since 1989. With locally based leaders out front of every adventure, they have more than 1000 immersive trips in over 100 countries to choose from. More than just good views and great times, these adventures connect you to the places you go, the people you meet along the way and the communities at the heart of every Intrepid experience."
56CD1ED5-2730-45FF-B6D1-5600A03A7DA6,Washington D.C.,https://www.urbanadventures.com/en/washington-d-c,/washington-d-c,City,United States,North America,"See Washington DC on our unique electric vehicles that can get you around both the main sites and the hidden secrets that only locals know. Great stories, great history, and great local knowledge from our local expert are what set us apart from the other Washington DC tours. Don't waste your day walking miles between the sites - take an Urban Adventures tour and make the most of your time in DC!",,https://cdn.ventrata.com/image/upload/s--U4y30_Qm--/v1744792497/qaq6aibw5kphxbbfw5qk.jpg,https://www.tripadvisor.com.au/Attraction_Review-g28970-d23471900-Reviews-Intrepid_Urban_Adventures_Washington-Washington_DC_District_of_Columbia.html,4.8,"2,335 reviews",https://www.tripadvisor.com.au/Attraction_Review-g28970-d23471900-Reviews-Intrepid_Urban_Adventures_Washington-Washington_DC_District_of_Columbia.html#REVIEWS,"Intrepid has been taking travellers around the globe since 1989. With locally based leaders out front of every adventure, they have more than 1000 immersive trips in over 100 countries to choose from. More than just good views and great times, these adventures connect you to the places you go, the people you meet along the way and the communities at the heart of every Intrepid experience."
B8E51689-E4AD-4AD1-B268-40B813DBBF7E,Cairo,https://www.urbanadventures.com/en/cairo,/cairo,City,Egypt,Africa,"Discover the worldís living history book by travelling to Cairo and exploring this mesmerising city with a local. The infamous sights are undeniable beautiful, but if you want to be packed with plenty of ëdid you knowsí about Cairo, seeing it with a local is a must. Donít let your Cairo travel experience read like something out of a guidebook ñ travel with a local to go behind the scenes in this incredible city.",,https://cdn.ventrata.com/image/upload/s--lWwL3L5h--/v1744802912/ykbbtrxlsp0cencxifgw.jpg,https://www.tripadvisor.com.au/Attraction_Review-g294201-d3176331-Reviews-Cairo_Urban_Adventures-Cairo_Cairo_Governorate.html,4.9,565 reviews,https://www.tripadvisor.com.au/Attraction_Review-g294201-d3176331-Reviews-Cairo_Urban_Adventures-Cairo_Cairo_Governorate.html#REVIEWS,"Cairo Urban Adventures offers day tours with a local around Cairo. They range from 2 hour to 12 hour adventures and uncover back streets, hidden gems, and fascinating sights. Step into the lives of locals, find out what makes the city tick, and get acquainted with the local food, culture, and traditions of Cairo. A local expert guide will provide the knowledge and lead you through a fantastic urban experience.‚Äù"
6AFDDAF7-899B-4FEA-A07F-CF1CBF5A5283,Casablanca,https://www.urbanadventures.com/en/casablanca,/casablanca,City,Morocco,Africa,"Ah, Casablanca. The city is famed for its art deco buildings, old medina and, of course, a very well-known movie. Itís admittedly a more modern city than you may expect from your black-and-white fantasies, but itís still a place youíll want to linger and where you can discover the modern side of Morocco. Spend your day wandering the city walls, browsing the old (and new) medina, exploring the beach, then chilling out with a mint tea in a cafÈ. Youíll quickly fall in love with Moroccan life and want to ëplay it againí the next day.",,https://cdn.ventrata.com/image/upload/s--sbWI5Ef5--/v1747298368/l52b6mkcowmdjfjxmpxd.jpg,https://www.tripadvisor.com.au/Attraction_Review-g293732-d14920309-Reviews-Casablanca_Urban_Adventures-Casablanca_Casablanca_Settat.html,4.8,253 reviews,https://www.tripadvisor.com.au/Attraction_Review-g293732-d14920309-Reviews-Casablanca_Urban_Adventures-Casablanca_Casablanca_Settat.html#REVIEWS,"Urban Adventures Morocco is the BEST.TEAM. EVER! We are made up of an exceptionally talented and knowledgeable group of Moroccans (Red, Abdu and Ayoub) with an extensive amount of experience in the travel industry and a genuine passion and pride for our country. Our goal is always to take you on an urban adventure that you will never forget!"
BB3B9EBD-E6CA-4E73-9CF4-A2BF86EF3511,Marrakech,https://www.urbanadventures.com/en/marrakech,/marrakech,City,Morocco,Africa,"Travel to Marrakech enriches all the senses ñ from the hoots and whistles of the bustling streets, the beautiful architecture, and the tantalising smells coming from all that delicious food. Marrakech is a destination so close to Europe, yet so foreign and different. Journey through the pink city with a local, and step back in time on our Marrakech tours that explore life in the medina as it has been for hundreds of years.",,https://cdn.ventrata.com/image/upload/s--NmURuI-V--/v1744818839/ltfmiy6kgf5iqorxekig.jpg,https://www.tripadvisor.com.au/Attraction_Review-g293734-d1856778-Reviews-Intrepid_Urban_Adventures_Marrakech-Marrakech_Marrakech_Safi.html,4.8,842 reviews,https://www.tripadvisor.com.au/Attraction_Review-g293734-d1856778-Reviews-Intrepid_Urban_Adventures_Marrakech-Marrakech_Marrakech_Safi.html#REVIEWS,"Marrakech Urban Adventures offers unique and authentic day tours around Marrakech. They range from 2 hour to 1 day adventures and uncover back streets, hidden gems, and fascinating sights. Step into the lives of locals, find out what makes the city tick, and get acquainted with the local food, culture, and traditions of Marrakech. A local expert guide will provide the knowledge and lead you through a fantastic urban experience."
851B6F85-64BA-4BF4-A913-37AD7320C272,Nairobi,https://www.urbanadventures.com/en/nairobi,/nairobi,City,Kenya,Africa,"Exciting and noticeably cosmopolitan, Nairobi is the social hub of East Africa, and Nairobi Urban Adventures provides your VIP ticket into the heart of it. Our one of a kind Nairobi tours offer the ideal way of getting out and experiencing the sights, smells, and sounds of this vibrant city and its surroundings, uncovering the real character and people of the ever-fascinating Nairobi.",,https://cdn.ventrata.com/image/upload/s--xsL59ExS--/v1744819438/p8mtvbtewm0fqxuyvjcd.jpg,https://www.tripadvisor.com.au/Attraction_Review-g294207-d1850071-Reviews-Nairobi_Urban_Adventures-Nairobi.html,4.8,263 reviews,https://www.tripadvisor.com.au/Attraction_Review-g294207-d1850071-Reviews-Nairobi_Urban_Adventures-Nairobi.html#REVIEWS,"Nairobi Urban Adventures offers unique and authentic day tours around Nairobi. They range from 2 hour to 1 day adventures and uncover back streets, hidden gems, and fascinating sights. Step into the lives of locals, find out what makes the city tick, and get acquainted with the local food, culture, and traditions of Nairobi. A local expert guide will provide the knowledge and lead you through a fantastic urban experience."
6E18BF1F-3811-42F4-AA19-FD016B18D9BE,Cusco,https://www.urbanadventures.com/en/cusco,/cusco,City,Peru,South America,"Cusco is a city full of hidden secrets and mystical tales. Dodge the standard things to do in Cusco and uncover some of these untold stories with a local guide, journeying through this incredible part of Peru to explore the lands of Inca legends. Alternatively, cool down your Cusco travel experience and simply learn how to make a crackiní Pisco Sour!",,https://cdn.ventrata.com/image/upload/s--9SE5vTV9--/v1744814990/w6ot1nkauabudtqyvy7h.jpg,https://www.tripadvisor.com.au/Attraction_Review-g294314-d1891924-Reviews-Cusco_Urban_Adventures-Cusco_Cusco_Region.html,4.6,52 reviews,https://www.tripadvisor.com.au/Attraction_Review-g294314-d1891924-Reviews-Cusco_Urban_Adventures-Cusco_Cusco_Region.html#REVIEWS,"Cusco Urban Adventures offers unique and authentic day tours around Cusco. They range from 2 hour to 1 day adventures and uncover back streets, hidden gems, and fascinating sights. Step into the lives of locals, find out what makes the city tick, and get acquainted with the local food, culture, and traditions of Cusco. A local expert guide will provide the knowledge and lead you through a fantastic urban experience."
4339E411-79CA-42B2-95C9-326483B589D3,Lima,https://www.urbanadventures.com/en/lima,/lima,City,Peru,South America,"With an unbeatable blend of ancient and modern, Peru is a country where youíre never too far away from a mystical Inca site, exceptional cuisine, the next big it-kid to make it on the worldís art scene, or simply the best Pisco Sour youíve ever tasted. Lima is no exception! Jump on one of our Lima tours to see this incredible city with a local.",,https://cdn.ventrata.com/image/upload/s--zjpCaNWq--/v1744817998/ypzih6za6mar1qgd4dcx.jpg,https://www.tripadvisor.com.au/Attraction_Review-g294316-d1891923-Reviews-Lima_Urban_Adventures-Lima_Lima_Region.html,4.9,274 reviews,https://www.tripadvisor.com.au/Attraction_Review-g294316-d1891923-Reviews-Lima_Urban_Adventures-Lima_Lima_Region.html#REVIEWS,"Lima Urban Adventures offers unique and authentic day tours around Lima. They range from 2 hour to 1 day adventures and uncover back streets, hidden gems, and fascinating sights. Step into the lives of locals, find out what makes the city tick, and get acquainted with the local food, culture, and traditions of Lima. A local expert guide will provide the knowledge and lead you through a fantastic urban experience."
533CF7B2-16DC-4DFB-9289-0114D5283922,Quito,https://www.urbanadventures.com/en/quito,/quito,City,Ecuador,South America,"With a delectable food scene, incredible mountain views, and an Old Town to die for, Quito has it all and more. Join a Quito local to get under the cityís skin by walking the streets, savouring the cuisine, discovering the markets, or taking a jaunt up into the mountains on a Quito tour you wonít be forgetting in a hurry.",,https://cdn.ventrata.com/image/upload/s--6gHKsBm3--/v1744821837/ugmbmvaomrj9qfnsanne.jpg,https://www.tripadvisor.com.au/Attraction_Review-g294308-d23379405-Reviews-Intrepid_Urban_Adventures_Quito-Quito_Pichincha_Province.html,4.7,39 reviews,https://www.tripadvisor.com.au/Attraction_Review-g294308-d23379405-Reviews-Intrepid_Urban_Adventures_Quito-Quito_Pichincha_Province.html#REVIEWS,"Intrepid has been taking travellers around the globe since 1989. With locally based leaders out front of every adventure, they have more than 1000 immersive trips in over 100 countries to choose from. More than just good views and great times, these adventures connect you to the places you go, the people you meet along the way and the communities at the heart of every Intrepid experience."
abc1,Australia,https://www.urbanadventures.com/australia,/australia,Country,,Oceania ,"From the cosmopolitan laneways of Melbourne to the pristine wilderness of Kangaroo Island, Australia offers an incredible blend of urban sophistication and untamed natural beauty. Experience world-class coffee culture alongside friendly locals, discover unique wildlife in their natural habitats, and explore stunning coastlines that stretch endlessly under the Southern Cross. This diverse continent captivates visitors with its laid-back lifestyle, multicultural cuisine, and landscapes that range from tropical rainforests to red desert heart, all wrapped up in the warmth of genuine Aussie hospitality.",,,,,,,
abc2,Greece,https://www.urbanadventures.com/greece,/greece,Country,,Europe,"Step into the cradle of Western civilization where ancient history comes alive on every street corner and island breeze. Greece enchants travelers with its whitewashed villages perched on azure coastlines, bustling markets filled with Mediterranean flavors, and archaeological wonders that have inspired humanity for millennia. From savoring authentic Greek cuisine in hidden tavernas to exploring mythical sites with passionate local guides, this timeless destination offers the perfect blend of relaxation and cultural discovery that will leave you saying ""yamas!"" to life.",,,,,,,
abc3,Spain,https://www.urbanadventures.com/spain,/spain,Country,,Europe,"A passionate tapestry of regional cultures, architectural masterpieces, and culinary excellence, Spain pulses with an infectious energy that captivates every visitor. From the artistic boulevards of Madrid to the Gothic wonders of Barcelona, each city tells its own story through flamenco rhythms, innovative cuisine, and locals who know how to truly live life. Whether you're discovering hidden tapas bars, marveling at GaudÌ's architectural dreams, or joining in the vibrant street life that continues well past midnight, Spain offers an intoxicating blend of tradition and modernity that will leave you planning your return before you've even left.",,,,,,,
abc4,Romania,https://www.urbanadventures.com/romania,/romania,Country,,Europe,"Eastern Europe's best-kept secret, Romania surprises visitors with its sophisticated blend of French elegance and Balkan passion in cities like ""Little Paris"" Bucharest. This captivating country offers a delightful chaos of culture, incredible cuisine, and some of the continent's most welcoming and colorful locals ready to share their stories. From exploring medieval castles to discovering vibrant neighborhoods where East meets West, Romania provides an authentic European experience away from the crowds, filled with genuine warmth and unexpected discoveries at every turn.",,,,,,,
abc5,Croatia,https://www.urbanadventures.com/croatia,/croatia,Country,,Europe,"A stunning Mediterranean gem where ancient Roman palaces meet crystal-clear Adriatic waters, Croatia offers visitors paradise both on its historic cobblestones and pristine islands. From the breathtaking city walls of Dubrovnik to the atmospheric streets of Split that grew within UNESCO World Heritage sites, this coastal paradise combines rich history with exceptional cuisine influenced by Italian traditions and fresh Adriatic seafood. Whether you're island-hopping to discover hidden coves, exploring Game of Thrones filming locations, or simply enjoying people-watching along the vibrant Riva Promenade, Croatia delivers an unforgettable blend of culture, natural beauty, and warm hospitality.",,,,,,,
abc6,Italy,https://www.urbanadventures.com/italy,/italy,Country,,Europe,"The birthplace of the Renaissance continues to enchant travelers with its perfect marriage of artistic masterpieces, culinary excellence, and passionate local culture. From the rolling vineyards of Tuscany to the romantic canals of Venice, Italy offers an sensory feast where every meal is an celebration and every corner reveals centuries of history and artistry. Whether you're learning authentic cooking secrets from local nonnas in Florence or navigating the 150 canals of Venice with insider knowledge, this beloved destination promises to loosen your belt loops and fill your heart with ""la dolce vita"" memories that last a lifetime.",,,,,,,
abc7,United Kingdom,https://www.urbanadventures.com/united kingdom,/united-kingdom,Country,,Europe,"A fascinating blend of royal traditions and cutting-edge innovation, the UK offers travelers an incredible journey through diverse cultures, buzzing nightlife, and world-class attractions that have shaped global culture. From London's eclectic neighborhoods where ""if you're bored of London, you're bored with life"" rings eternally true, to charming countryside villages steeped in centuries of history, Britain provides endless discoveries for curious travelers. With its renowned museums, traditional pubs, and wonderfully diverse communities, the United Kingdom serves as a perfect introduction to European culture while maintaining its own distinctive character that has influenced the world for generations.",,,,,,,
abc8,France,https://www.urbanadventures.com/france,/france,Country,,Europe,"From the romantic back streets to the legendary bakeries, France delights the senses around every corner with its unmatched blend of culinary mastery, artistic heritage, and effortless sophistication. The world's most visited country offers travelers everything from charming provincial markets to iconic Parisian boulevards, where each experience tells a story of French passion for the finer things in life. Whether you're discovering hidden wine caves with local vintners or exploring centuries-old architectural marvels, France provides those lifelong memories that are different from any other destination on Earth, leaving visitors with an deep appreciation for the art of living well.",,,,,,,
abc9,Austria,https://www.urbanadventures.com/austria,/austria,Country,,Europe,"Where imperial grandeur meets cutting-edge contemporary style, Austria represents a romantically beautiful marriage of architectural magnificence and cultural sophistication along the banks of the blue Danube. From world-class opera and classical music venues to an opulent coffeehouse culture that defines civilized leisure, this imperial gem buzzes with a food scene and glorious parks that make every day feel like a celebration. As Karl Kraus noted, Vienna's streets are ""paved with culture,"" and after experiencing the incredible sights, tastes, and musical traditions, you'll find yourself singing the city's praises long after you leave.",,,,,,,
abc10,Indonesia,https://www.urbanadventures.com/indonesia,/indonesia,Country,,Asia,"Beautiful Indonesia, with its cliffside temples, colorful festivals, and gorgeous beaches, creates one of Earth's most romantic and spiritually enriching destinations. From the wild waves of Kuta to the rich arts scene of Ubud, this diverse archipelago attracts surf fanatics, adventure hunters, honeymooning couples, culture enthusiasts, spiritual seekers, and party-loving backpackers who all discover their own version of paradise. Whether you're hiking volcanic trails, visiting unique Balinese Hindu temples that celebrate a religion found nowhere else in the world, or simply embracing the kind and caring culture, Indonesia offers transformative experiences that define what paradise truly means.",,,,,,,
abc11,Thailand,https://www.urbanadventures.com/thailand,/thailand,Country,,Asia,"The ""Land of Smiles"" welcomes travelers with a sensory adventure that perfectly balances chaotic urban energy with serene cultural traditions and stunning natural beauty. From navigating Bangkok's bustling markets and hidden canals by longtail boat to discovering ancient temples and sampling incredible street food that tantalizes every taste bud, Thailand offers an intensity of experience that both treats and overwhelms the senses. Whether you're exploring busy back streets by bike or finding zen in golden Buddhist temples, this dynamic kingdom provides the perfect introduction to Southeast Asian culture, cuisine, and hospitality that will leave you planning your next visit before you've even departed.",,,,,,,
abc12,India,https://www.urbanadventures.com/india,/india,Country,,Asia,"To experience India is to embark on a journey that simultaneously treats and challenges every sense, creating memories that will transform your perspective on life itself. From the chaotic, explosive energy of Delhi's streets filled with vendors calling and traffic weaving in mesmerizing patterns, to discovering the incredible flavors that define one of the world's great cuisines, India offers an intensity that requires a local guide to truly appreciate. This incredible subcontinent rewards adventurous travelers with a rich tapestry of cultures, spiritual traditions, and warm hospitality that, once experienced with local insight, reveals why India captures hearts and minds like no other destination on Earth.",,,,,,,
abc13,Vietnam,https://www.urbanadventures.com/vietnam,/vietnam,Country,,Asia,"From the intense, enchanting chaos of Hanoi's honking streets to the dreamy, UNESCO-listed charm of Hoi An's lantern-lit evenings, Vietnam offers travelers a sensory journey through a country where rich history beautifully melds with complicated modernity. This captivating destination combines French colonial architecture with bustling local markets, ancient temples with Communist landmarks, and heartbreaking historical sites with some of Asia's most delectable street food and cooking classes. Whether you're navigating Ho Chi Minh City's gourmet restaurants and luxury shopping or biking past emerald rice paddies in the countryside, Vietnam provides that perfect taste of everything this resilient and welcoming nation has to offer adventurous travelers.",,,,,,,
abc14,Turkey,https://www.urbanadventures.com/turkey,/turkey,Country,,Asia,"Straddling two continents with 2,500 years of history, Turkey dazzles visitors with its ability to reinvent itself while maintaining an timeless capacity to enchant all who visit this bi-continental wonder. From the exotic aromas of the Spice Bazaar to incredible skylines dotted with minarets and the breathtaking beauty of the Bosphorus, Istanbul alone offers enough discoveries to fill multiple visits. Whether you're exploring hidden nooks and crannies in ancient neighborhoods or marveling at the seamless blend of European and Asian cultures, Turkey provides an extraordinary travel experience where every corner reveals another layer of this fascinating crossroads of civilizations.",,,,,,,
abc15,Nepal,https://www.urbanadventures.com/nepal,/nepal,Country,,Asia,"Prepare yourself for the ultimate sensory overload, because Nepal delivers rich culture, hidden temples, colorful bazaars, and the friendliest, warmest welcome you'll encounter anywhere in the Himalayas. From the bustling streets of Kathmandu where every turn reveals new cultural treasures to the stunning mountain vistas that have drawn adventurers for generations, this incredible kingdom offers experiences for both urban explorers and intrepid adrenaline junkies. Whether you're discovering ancient temples tucked away in vibrant neighborhoods or preparing for high-altitude adventures, Nepal provides that perfect blend of spiritual discovery and physical challenge that creates truly transformative travel experiences.",,,,,,,
abc16,Japan,https://www.urbanadventures.com/japan,/japan,Country,,Asia,"The very definition of a modern mega-metropolis, Japan seamlessly blends cutting-edge innovation with deeply rooted traditions, creating a country that continuously surprises and delights visitors with its complexity and charm. From Tokyo's teeming street life and incredible cuisine scene that will captivate any foodie, to the meticulous attention to detail that defines Japanese culture, this monumental nation offers travelers a glimpse into both the future and the past simultaneously. Whether you're navigating the bustling energy of urban life or discovering quiet temples and traditional arts, Japan provides those once-in-a-lifetime cultural experiences that can only be fully appreciated with local insight and knowledge.",,,,,,,
abc17,United States,https://www.urbanadventures.com/united states,/united-states,Country,,North America,"A vast tapestry of diverse neighborhoods, distinguished architecture, and rich cultural traditions, America offers travelers an incredible journey through friendly communities from coast to coast that have successfully carved out their own unique identities. From Boston's revolutionary history and Chicago's welcoming Midwest charm to New York's unparalleled urban energy and Seattle's coffee culture with amazing views, each American city tells its own story through local food, music, and the passionate people who call these places home. Whether you're exploring 400 years of history, discovering craft beer scenes, or experiencing the welcoming spirit that draws millions to happily call this dynamic nation home, the United States provides authentic local experiences that showcase why this land of opportunity continues to captivate visitors from around the world.",,,,,,,
abc18,Cuba,https://www.urbanadventures.com/cuba,/cuba,Country,,North America,"Trapped in time yet vibrantly alive in the present moment, Cuba offers travelers a unique glimpse into a world where vintage cars prowl colonial streets and crumbling art deco architecture tells stories of revolution and resilience. From exploring Afro-Cuban religious traditions to discovering the broken beauty of UNESCO-designated Havana architecture, this Caribbean island provides cultural experiences found nowhere else on Earth. Whether you're learning about la RevoluciÛn from passionate locals or finishing your day with a perfectly crafted mojito in la Habana Vieja, Cuba delivers those authentic travel moments that challenge perceptions while celebrating the enduring spirit of its remarkable people.",,,,,,,
abc19,Mexico,https://www.urbanadventures.com/mexico,/mexico,Country,,North America,"Ancient ruins meet vibrant markets, delicious cuisine mingles with traditional mariachi, and the excitement of Lucha Libre wrestling creates an unforgettable blend that defines Mexico's incredible cultural richness. From exploring the deep roots of Mexican history to kicking back in cantinas with new friends or cheering for masked wrestlers, this dynamic nation offers travelers authentic experiences that showcase why Mexico has captivated visitors for generations. Whether you're wandering through colorful neighborhoods, sampling street food that represents centuries of culinary evolution, or discovering the warm hospitality that makes every visitor feel like family, Mexico provides those magical travel moments that create lifelong memories and deep cultural connections.",,,,,,,
abc20,Costa Rica,https://www.urbanadventures.com/costa rica,/costa-rica,Country,,North America,"With a tagline like ""Pura Vida,"" Costa Rica embodies the pure life philosophy that immediately puts travelers in the perfect mindset for adventure and relaxation in one of the world's most biodiverse destinations. From cycling through rainforest suburbs to sampling some of the world's finest coffee and chocolate exports, this Central American gem offers the ideal blend of natural beauty and cultural authenticity. Whether you're journeying through lush rainforests teeming with wildlife or discovering why Costa Ricans have mastered the art of living well, this welcoming nation provides those transformative travel experiences that perfectly capture what the pure life truly means.",,,,,,,
abc21,Canada,https://www.urbanadventures.com/canada,/canada,Country,,North America,"Cool enough to earn recognition from Vogue magazine and multicultural enough to be ranked among the globe's most diverse communities, Canada offers travelers a sophisticated blend of urban innovation and natural beauty that defines modern North American culture. From Toronto's Queen West neighborhood's international flair to exploring cultural diversity through local hot spots, craft beer, and yes, incredible bacon, this ""city of neighbourhoods"" nation provides every flavor of international experience imaginable. Whether you're discovering what makes Canadian cities some of the world's most livable or exploring the vast wilderness that stretches from coast to coast, Canada delivers those authentic experiences that showcase why this welcoming nation consistently ranks among the world's best places to visit and live.",,,,,,,
abc22,Egypt,https://www.urbanadventures.com/egypt,/egypt,Country,,Africa,"Discover the world's living history book in a land where ancient wonders stand alongside vibrant modern culture, creating an mesmerizing destination that brings millennia of human civilization to life before your eyes. From the infamous pyramids that continue to inspire awe to the bustling streets of Cairo where every corner holds stories spanning thousands of years, Egypt offers travelers the chance to walk through history while experiencing the warm hospitality of contemporary Egyptian culture. Whether you're uncovering fascinating ""did you know"" facts about pharaohs and ancient mysteries or exploring how this incredible civilization continues to thrive today, Egypt provides those once-in-a-lifetime experiences that transform your understanding of human achievement and cultural legacy.",,,,,,,
abc23,Morocco,https://www.urbanadventures.com/morocco,/morocco,Country,,Africa,"A sensory journey where the exotic meets the accessible, Morocco enchants visitors with its blend of ancient medinas, stunning art deco architecture, and the intoxicating rhythm of North African life that feels both foreign and welcoming. From the bustling souks of Marrakech filled with tantalizing aromas and beautiful craftsmanship to the modern sophistication of Casablanca where you can sip mint tea while watching life unfold, this kingdom offers the perfect introduction to African culture just steps from Europe. Whether you're exploring pink city walls that have stood for centuries or discovering how traditional Moroccan hospitality makes every visitor feel like family, Morocco provides those transformative travel experiences that enrich all the senses and create lasting connections to this magical land.",,,,,,,
abc24,Kenya,https://www.urbanadventures.com/kenya,/kenya,Country,,Africa,"Exciting and notably cosmopolitan, Kenya serves as the vibrant social hub of East Africa, offering travelers an ideal way to experience the sights, sounds, and smells of one of the continent's most dynamic regions. From the bustling energy of Nairobi's streets to the incredible wildlife experiences that await in the surrounding landscapes, this fascinating destination provides VIP access into the heart of authentic African culture and natural beauty. Whether you're discovering the real character of urban Kenya through local markets and neighborhoods or preparing for safari adventures that showcase the continent's incredible biodiversity, Kenya offers those genuine African experiences that reveal why this welcoming nation continues to captivate travelers from around the world.",,,,,,,
abc25,Peru,https://www.urbanadventures.com/peru,/peru,Country,,South America,"An unbeatable blend of ancient Inca mysteries and modern culinary excellence, Peru offers travelers a country where mystical archaeological sites coexist with exceptional contemporary culture and world-renowned cuisine that's taking the global food scene by storm. From the hidden secrets and mystical tales of Cusco's cobblestone streets to Lima's incredible dining scene featuring the best Pisco Sours you'll ever taste, this South American gem provides experiences that span millennia while remaining thoroughly contemporary. Whether you're exploring lands of Inca legends with passionate local guides or discovering why Peru has become a must-visit destination for food enthusiasts, this remarkable nation offers those transformative travel experiences that connect you to both ancient wisdom and cutting-edge innovation.",,,,,,,
abc26,Ecuador,https://www.urbanadventures.com/ecuador,/ecuador,Country,,South America,"With incredible mountain views, a delectable food scene that rivals any South American destination, and an Old Town so beautiful it takes your breath away, Ecuador delivers ""it all and more"" in a compact package that maximizes every travel moment. From savoring innovative Andean cuisine to exploring vibrant markets where local culture comes alive, this diverse nation offers the perfect blend of urban sophistication and natural beauty that defines modern South American travel. Whether you're walking historic streets with knowledgeable locals, taking scenic jaunts up into the dramatic Andes mountains, or discovering why Ecuador punches above its weight in terms of cultural and culinary offerings, this remarkable destination provides those unforgettable travel experiences you won't be forgetting in a hurry.",,,,,,,
abc27,Oceania ,https://www.urbanadventures.com/oceania ,/oceania ,Continent,,,"A vast region of pristine natural beauty and unique cultures, Oceania offers travelers the chance to discover some of Earth's most unspoiled destinations where friendly locals welcome visitors to experience island life, wildlife encounters, and landscapes found nowhere else on the planet. From Australia's cosmopolitan cities and iconic natural habitats to the countless islands that dot the Pacific with their own distinct cultures and breathtaking beauty, this region provides the perfect escape for those seeking both adventure and relaxation in stunning settings. Whether you're exploring vibrant coral reefs, encountering endemic wildlife, or simply enjoying the laid-back island lifestyle that defines much of Oceania, this remarkable region offers those once-in-a-lifetime experiences that showcase the incredible diversity and natural wonder of our planet's largest ocean region.",,,,,,,
abc28,Europe,https://www.urbanadventures.com/europe,/europe,Continent,,,"A continent where ancient history seamlessly blends with cutting-edge innovation, Europe offers travelers an incredible journey through diverse cultures, architectural masterpieces, and culinary traditions that have influenced the world for millennia. From the romantic boulevards of Paris to the imperial grandeur of Vienna, the Gothic wonders of Barcelona to the Renaissance treasures of Florence, each destination tells its own story while contributing to the rich tapestry that makes European travel so endlessly rewarding. Whether you're discovering hidden local secrets in bustling capitals, exploring UNESCO World Heritage sites with passionate guides, or simply enjoying the cafÈ culture and sophisticated lifestyle that defines European living, this remarkable continent provides those transformative travel experiences that connect you to the roots of Western civilization while embracing contemporary innovation.",,,,,,,
abc29,Asia,https://www.urbanadventures.com/asia,/asia,Continent,,,"A sensory adventure that spans from ancient temples to mega-metropolises, Asia offers travelers the world's most diverse cultural experiences, incredible cuisine, and spiritual discoveries that challenge and reward every sense. From the intense energy of bustling markets and honking streets to the serene beauty of hidden temples and pristine natural landscapes, this vast continent provides experiences that range from chaotic urban exploration to peaceful spiritual reflection. Whether you're navigating the cutting-edge innovation of Japan's cities, discovering the rich culinary traditions that define multiple Asian cultures, or exploring archaeological wonders and religious sites that have inspired humanity for thousands of years, Asia delivers those life-changing travel experiences that broaden perspectives and create lasting connections to some of the world's most fascinating civilizations.",,,,,,,
abc30,North America,https://www.urbanadventures.com/north america,/north-america,Continent,,,"A diverse tapestry of cultures, landscapes, and experiences, North America offers travelers everything from revolutionary history and urban sophistication to pristine wilderness and vibrant local communities that have successfully maintained their unique identities across vast distances. From the multicultural neighborhoods of major cities to charming small towns, craft breweries to world-class museums, this dynamic continent provides endless opportunities to discover friendly locals who are passionate about sharing their distinctive regional cultures, foods, and traditions. Whether you're exploring centuries of history, experiencing the welcoming spirit that draws millions to call North America home, or discovering natural wonders that span from arctic tundra to tropical beaches, this remarkable continent offers authentic experiences that showcase why it continues to be a land of opportunity and adventure for travelers from around the world.",,,,,,,
abc31,Africa,https://www.urbanadventures.com/africa,/africa,Continent,,,"The cradle of humanity offers travelers an extraordinary journey through diverse cultures, breathtaking landscapes, and wildlife experiences that exist nowhere else on Earth, creating adventures that transform perspectives and create lifelong connections. From the bustling energy of cosmopolitan cities like Cairo and Nairobi to the ancient traditions preserved in colorful markets and communities, Africa provides authentic experiences that reveal the real character and incredible warmth of its people. Whether you're discovering living history in Egypt's archaeological wonders, experiencing the vibrant social hub of East African culture, or exploring the exotic blend of cultures in North African kingdoms, this remarkable continent offers those genuine travel moments that showcase why Africa continues to captivate visitors with its unmatched combination of cultural richness, natural beauty, and unforgettable hospitality.",,,,,,,
abc32,South America,https://www.urbanadventures.com/south america,/south-america,Continent,,,"An incredible blend of ancient civilizations and contemporary innovation, South America offers travelers mystical archaeological sites, world-renowned cuisine, and vibrant cultures that span from the dramatic Andes mountains to bustling coastal cities that pulse with energy and passion. From exploring Inca legends in Peru's mountain cities to discovering why South American cuisine is taking the global food scene by storm, this diverse continent provides experiences that connect travelers to both ancient wisdom and cutting-edge culinary excellence. Whether you're wandering through UNESCO-listed colonial architecture, learning to make authentic dishes with passionate local chefs, or taking scenic journeys through landscapes that range from Amazon rainforests to dramatic mountain peaks, South America delivers those transformative travel experiences that enrich all the senses and create unforgettable connections to this remarkable region's rich cultural heritage and natural beauty.",,,,,,,
